{"materials":[{"id":"-1636","assetBundleId":"-2","data":["Default UI Material",0,"30",3000,0,[["_StencilComp",8],["_Stencil",0],["_StencilOp",0],["_StencilWriteMask",255],["_StencilReadMask",255],["_ColorMask",15],["_UseUIAlphaClip",0]],[["_Color",1,1,1,1]],[["_MainTex_ST",1,1,0,0]],[["_MainTex",null,null]],[]]},{"id":"420","assetBundleId":"-2","data":["Sprites-Default",0,"28",3000,0,[["PixelSnap",0],["_EnableExternalAlpha",0]],[["_Color",1,1,1,1],["_RendererColor",1,1,1,1]],[["_MainTex_ST",1,1,0,0],["_Flip",1,1,1,1],["_AlphaTex_ST",1,1,0,0]],[["_MainTex",null,null],["_AlphaTex",null,null]],[]]},{"id":"650","assetBundleId":"-2","data":["Default-Material",0,"64",2000,0,[["_Cutoff",0.5],["_Glossiness",0.5],["_GlossMapScale",1],["_SmoothnessTextureChannel",0],["_Metallic",0],["_SpecularHighlights",1],["_GlossyReflections",1],["_BumpScale",1],["_Parallax",0.0199999995529652],["_OcclusionStrength",1],["_DetailNormalMapScale",1],["_UVSec",0],["_Mode",0],["_SrcBlend",1],["_DstBlend",0],["_ZWrite",1]],[["_Color",1,1,1,1],["_EmissionColor",0,0,0,0.999999940395355]],[["_MainTex_ST",1,1,0,0],["_MetallicGlossMap_ST",1,1,0,0],["_BumpMap_ST",1,1,0,0],["_ParallaxMap_ST",1,1,0,0],["_OcclusionMap_ST",1,1,0,0],["_EmissionMap_ST",1,1,0,0],["_DetailMask_ST",1,1,0,0],["_DetailAlbedoMap_ST",1,1,0,0],["_DetailNormalMap_ST",1,1,0,0]],[["_MainTex",null,null],["_MetallicGlossMap",null,null],["_BumpMap",null,null],["_ParallaxMap",null,null],["_OcclusionMap",null,null],["_EmissionMap",null,null],["_DetailMask",null,null],["_DetailAlbedoMap",null,null],["_DetailNormalMap",null,null]],[]]},{"id":"652","assetBundleId":"-2","data":["Default-Skybox",0,"150",1000,0,[["_SunDisk",1],["_SunSize",0.0399999991059303],["_SunSizeConvergence",5],["_AtmosphereThickness",1],["_Exposure",1.29999995231628]],[["_SkyTint",0.5,0.5,0.5,1],["_GroundColor",0.368999987840652,0.349000006914139,0.340999990701675,1]],[],[],[["_SUNDISK_SIMPLE",1]]]}],"prefabs":[{"id":"27098","assetBundleId":"-2","components":[{"type":1,"id":"26992","data":[5.40000009536743,-17,-13.3000001907349,6.5,5,4,0,0,0,1]}],"children":[{"id":"-2185732","assetBundleId":"-2","components":[{"type":1,"id":"-2185734","data":[0,0,0,1,1,1,0,0,0,1]}],"children":[{"id":"-2185736","assetBundleId":"-2","components":[{"type":1,"id":"-2185738","data":[0.411178231239319,4.34766960144043,-1.49999988079071,2,1.5,0.0500000007450581,0,0,0,1]},{"type":9,"id":"-2185740","data":[10,"500"]},{"type":11,"id":"-2185742","data":[null,null,1,12,"16234",[12,"16234"],1,1,0,0,-1,0,1,1,0,0,1,1]},{"type":13,"id":"-2185744","data":[0,0,0,1,1,1,1,0,null,null]}],"children":[],"data":["Cube (1)","Untagged",1,0,0]},{"id":"-2185746","assetBundleId":"-2","components":[{"type":1,"id":"-2185748","data":[0.411178231239319,4.34766960144043,0.518000066280365,2,1.5,0.0500000007450581,0,0,0,1]},{"type":9,"id":"-2185750","data":[10,"500"]},{"type":11,"id":"-2185752","data":[null,null,1,12,"16234",[12,"16234"],1,1,0,0,-1,0,1,1,0,0,1,1]},{"type":13,"id":"-2185754","data":[0,0,0,1,1,1,1,0,null,null]}],"children":[],"data":["Cube (2)","Untagged",1,0,0]},{"id":"-2185756","assetBundleId":"-2","components":[{"type":1,"id":"-2185758","data":[-0.569999992847443,4.34766960144043,-0.510000050067902,2,1.5,0.0499999970197678,0,0.707106828689575,0,0.707106828689575]},{"type":9,"id":"-2185760","data":[10,"500"]},{"type":11,"id":"-2185762","data":[null,null,1,12,"16234",[12,"16234"],1,1,0,0,-1,0,1,1,0,0,1,1]},{"type":13,"id":"-2185764","data":[0,0,0,1,1,1,1,0,null,null]}],"children":[],"data":["Cube (3)","Untagged",1,0,0]},{"id":"-2185766","assetBundleId":"-2","components":[{"type":1,"id":"-2185768","data":[1.38299989700317,4.34766960144043,-0.510000050067902,2,1.5,0.0499999970197678,0,0.707106828689575,0,0.707106828689575]},{"type":9,"id":"-2185770","data":[10,"500"]},{"type":11,"id":"-2185772","data":[null,null,1,12,"16234",[12,"16234"],1,1,0,0,-1,0,1,1,0,0,1,1]},{"type":13,"id":"-2185774","data":[0,0,0,1,1,1,1,0,null,null]}],"children":[],"data":["Cube (4)","Untagged",1,0,0]},{"id":"-2185776","assetBundleId":"-2","components":[{"type":1,"id":"-2185778","data":[0.400000005960464,3.6199996471405,-0.479999929666519,2,0.0500000007450581,2,0,0,0,1]},{"type":9,"id":"-2185780","data":[10,"500"]},{"type":11,"id":"-2185782","data":[null,null,1,12,"16234",[12,"16234"],1,1,0,0,-1,0,1,1,0,0,1,1]},{"type":13,"id":"-2185784","data":[0,0,0,1,1,1,1,0,null,null]}],"children":[],"data":["Cube (5)","Untagged",1,0,0]}],"data":["Parts","Untagged",1,0,0]},{"id":"-2185786","assetBundleId":"-2","components":[{"type":1,"id":"-2185788","data":[0.414285629987717,4.20000028610229,-2.3600001335144,0.142857134342194,0.200000002980232,0.200000002980232,0,0,0,1]}],"children":[{"id":"-2185790","assetBundleId":"-2","components":[{"type":1,"id":"-2185792","data":[0,0,0,8,1,8,0,0,0,1]},{"type":9,"id":"-2185794","data":[10,"504"]},{"type":11,"id":"-2185796","data":[null,null,1,12,"16232",[12,"16232"],0,0,0,0,-1,0,1,1,0,0,1,1]},{"type":14,"id":"-2185798","data":[1,0,null,null,0,0,0,0.5]}],"children":[],"data":["Sphere","Untagged",1,0,0]},{"id":"-2185800","assetBundleId":"-2","components":[{"type":1,"id":"-2185802","data":[1.63408577442169,-0.693404674530029,-4.19956588745117,2,0.5,3,0.396025240421295,-0.274328470230103,0.0653763264417648,0.873861491680145]},{"type":9,"id":"-2185804","data":[10,"500"]},{"type":11,"id":"-2185806","data":[null,null,1,12,"650",[12,"650"],1,1,0,0,-1,0,1,1,0,0,1,1]},{"type":13,"id":"-2185808","data":[0,0,0,1,1,1,1,0,null,null]}],"children":[],"data":["Stick","Untagged",1,0,0]},{"id":"-2185810","assetBundleId":"-2","components":[{"type":1,"id":"-2185812","data":[3,1.70000004768372,-6,6,0.5,3.5,0.396025240421295,-0.274328470230103,0.0653763264417648,0.873861491680145]},{"type":9,"id":"-2185814","data":[10,"500"]},{"type":11,"id":"-2185816","data":[null,null,1,12,"16236",[12,"16236"],1,1,0,0,-1,0,1,1,0,0,1,1]},{"type":13,"id":"-2185818","data":[0,0,0,1,1,1,1,0,null,null]}],"children":[],"data":["Sign","Untagged",1,0,0]},{"id":"-2185820","assetBundleId":"-2","components":[{"type":1,"id":"-2185822","data":[2.97447562217712,2.26650333404541,-5.51530933380127,3.5,3,2.85206294059753,0.158533900976181,0.853546738624573,-0.410399734973907,0.279100477695465]},{"type":15,"id":"-2185824","data":[1,12,"420",[12,"420"],0,0,0,0,-1,0,1,1,0,0,1,1,1,1,1,1,16,"16238",0,0,0,1.04999995231628,0.689999997615814,0,0.5,0,0]}],"children":[],"data":["X3","Untagged",1,0,0]}],"data":["tray","Untagged",1,0,0]},{"id":"27000","assetBundleId":"-2","components":[{"type":1,"id":"27006","data":[0.414285629987717,4.7713680267334,-2.3199999332428,0.800000011920929,1.20000004768372,1.20000004768372,-0.707106828689575,0,0,0.707106828689575]},{"type":9,"id":"27004","data":[10,"15880"]},{"type":11,"id":"27002","data":[null,null,1,12,"15878",[12,"15878"],0,0,0,0,-1,0,1,1,0,0,1,1]}],"children":[],"data":["Round-1A","Untagged",1,0,0]},{"id":"27024","assetBundleId":"-2","components":[{"type":1,"id":"27026","data":[0.428571403026581,4.7713680267334,-2.3199999332428,0.400000005960464,0.5,0.5,-0.707106828689575,0,0,0.707106828689575]},{"type":9,"id":"27030","data":[10,"15884"]},{"type":11,"id":"27028","data":[null,null,1,12,"15878",[12,"15878"],0,0,0,0,-1,0,1,1,0,0,1,1]},{"type":17,"id":"27032","data":[18,"15886",0,[],1]}],"children":[],"data":["Round-2A","Untagged",0,0,0]},{"id":"26836","assetBundleId":"-2","components":[{"type":1,"id":"26840","data":[0.310000002384186,8.5,1.42999994754791,0.0500000007450581,0.0500000007450581,0.0500000007450581,0,-0.707106828689575,0.707106828689575,0]},{"type":15,"id":"26838","data":[1,12,"420",[12,"420"],0,0,0,0,-1,0,1,1,0,0,1,1,1,1,1,1,16,"15834",0,0,0,12,12,0,0.5,0,0]},{"type":17,"id":"26842","data":[18,"15836",0,[],1]}],"children":[],"data":["tick","Untagged",0,0,0]}],"data":["Box","Untagged",1,0,0]}],"shaders":[{"id":"150","assetBundleId":"-2","data":[[],"Skybox/Procedural",["_SUNDISK_NONE","_SUNDISK_SIMPLE","_SUNDISK_HIGH_QUALITY"],[[0,[4,null],[0,null],[0,null],[[1,null],[0,null],[0,null]],[[1,null],[0,null],[0,null]],[15,null],[0,null],[0,null],[0,null],[255,null],[255,null],[[0,null],[0,null],[0,null],[8,null]],[[0,null],[0,null],[0,null],[8,null]],[[0,null],[0,null],[0,null],[8,null]],[["PREVIEWTYPE","Skybox"],["QUEUE","Background"],["RENDERTYPE","Background"]],["_SUNDISK_NONE","_SUNDISK_SIMPLE","_SUNDISK_HIGH_QUALITY"],[[["_SUNDISK_NONE"],0,1,0],[["_SUNDISK_SIMPLE"],2,3,0],[["_SUNDISK_HIGH_QUALITY"],4,5,0]],0]],[["_SunDisk",2,2,0,0,0,""],["_SunSize",3,0.0399999991059303,0,1,0,""],["_SunSizeConvergence",3,5,1,10,0,""],["_AtmosphereThickness",3,1,0,5,0,""],["_SkyTint",0,0.5,0.5,0.5,1,""],["_GroundColor",0,0.368999987840652,0.349000006914139,0.340999990701675,1,""],["_Exposure",3,1.29999995231628,0,8,0,""]],null,null,0]},{"id":"274","assetBundleId":"-2","data":[[],"Mobile/VertexLit",["SPOT","POINT","FOG_LINEAR","FOG_EXP","FOG_EXP2","SHADOWS_DEPTH","SHADOWS_CUBE"],[[1,[4,null],[1,null],[2,null],[[1,null],[0,null],[0,null]],[[1,null],[0,null],[0,null]],[15,null],[0,null],[0,null],[0,null],[255,null],[255,null],[[0,null],[0,null],[0,null],[8,null]],[[0,null],[0,null],[0,null],[8,null]],[[0,null],[0,null],[0,null],[8,null]],[["LIGHTMODE","Vertex"],["RENDERTYPE","Opaque"]],["SPOT","POINT","FOG_LINEAR","FOG_EXP","FOG_EXP2"],[[[],8,9,0],[["POINT"],10,9,0],[["SPOT"],11,9,0]],0],[2,[4,null],[1,null],[2,null],[[1,null],[0,null],[0,null]],[[1,null],[0,null],[0,null]],[15,null],[0,null],[0,null],[0,null],[255,null],[255,null],[[0,null],[0,null],[0,null],[8,null]],[[0,null],[0,null],[0,null],[8,null]],[[0,null],[0,null],[0,null],[8,null]],[["LIGHTMODE","VertexLM"],["RENDERTYPE","Opaque"]],["FOG_LINEAR","FOG_EXP","FOG_EXP2"],[[[],12,13,0]],0],[8,[4,null],[1,null],[0,null],[[1,null],[0,null],[0,null]],[[1,null],[0,null],[0,null]],[15,null],[0,null],[0,null],[0,null],[255,null],[255,null],[[0,null],[0,null],[0,null],[8,null]],[[0,null],[0,null],[0,null],[8,null]],[[0,null],[0,null],[0,null],[8,null]],[["LIGHTMODE","SHADOWCASTER"],["RENDERTYPE","Opaque"],["SHADOWSUPPORT","true"]],["SHADOWS_DEPTH","SHADOWS_CUBE"],[[["SHADOWS_DEPTH"],14,15,0],[["SHADOWS_CUBE"],16,17,0]],0]],[["_MainTex",4,0,0,0,0,"white"]],null,null,0]},{"id":"30","assetBundleId":"-2","data":[[],"UI/Default",["UNITY_UI_CLIP_RECT","UNITY_UI_ALPHACLIP"],[[0,[0,"unity_GUIZTestMode"],[0,null],[0,null],[[1,null],[10,null],[0,null]],[[1,null],[10,null],[0,null]],[0,"_ColorMask"],[0,null],[0,null],[0,"_Stencil"],[0,"_StencilReadMask"],[0,"_StencilWriteMask"],[[0,"_StencilOp"],[0,null],[0,null],[0,"_StencilComp"]],[[0,null],[0,null],[0,null],[8,null]],[[0,null],[0,null],[0,null],[8,null]],[["CANUSESPRITEATLAS","true"],["IGNOREPROJECTOR","true"],["PREVIEWTYPE","Plane"],["QUEUE","Transparent"],["RENDERTYPE","Transparent"]],["UNITY_UI_CLIP_RECT","UNITY_UI_ALPHACLIP"],[[[],18,19,0],[["UNITY_UI_ALPHACLIP"],18,20,0],[["UNITY_UI_CLIP_RECT"],18,21,0],[["UNITY_UI_ALPHACLIP","UNITY_UI_CLIP_RECT"],18,22,0]],0]],[["_MainTex",4,0,0,0,0,"white"],["_Color",0,1,1,1,1,""],["_StencilComp",2,8,0,0,0,""],["_Stencil",2,0,0,0,0,""],["_StencilOp",2,0,0,0,0,""],["_StencilWriteMask",2,255,0,0,0,""],["_StencilReadMask",2,255,0,0,0,""],["_ColorMask",2,15,0,0,0,""],["_UseUIAlphaClip",2,0,0,0,0,""]],null,null,0]},{"id":"296","assetBundleId":"-2","data":[[],"Unlit/Transparent",["FOG_LINEAR","FOG_EXP","FOG_EXP2"],[[0,[4,null],[0,null],[2,null],[[5,null],[10,null],[0,null]],[[5,null],[10,null],[0,null]],[15,null],[0,null],[0,null],[0,null],[255,null],[255,null],[[0,null],[0,null],[0,null],[8,null]],[[0,null],[0,null],[0,null],[8,null]],[[0,null],[0,null],[0,null],[8,null]],[["IGNOREPROJECTOR","true"],["QUEUE","Transparent"],["RENDERTYPE","Transparent"]],["FOG_LINEAR","FOG_EXP","FOG_EXP2"],[[[],23,24,0]],0]],[["_MainTex",4,0,0,0,0,"white"]],null,null,0]},{"id":"276","assetBundleId":"-2","data":[[],"Mobile/Diffuse",["DIRECTIONAL","SHADOWS_SCREEN","LIGHTMAP_ON","DIRLIGHTMAP_COMBINED","DYNAMICLIGHTMAP_ON","LIGHTMAP_SHADOW_MIXING","SHADOWS_SHADOWMASK","LIGHTPROBE_SH","FOG_LINEAR","FOG_EXP","FOG_EXP2","VERTEXLIGHT_ON","INSTANCING_ON","UNITY_HDR_ON","EDITOR_VISUALIZATION"],[[4,[4,null],[1,null],[2,null],[[1,null],[0,null],[0,null]],[[1,null],[0,null],[0,null]],[15,null],[0,null],[0,null],[0,null],[255,null],[255,null],[[0,null],[0,null],[0,null],[8,null]],[[0,null],[0,null],[0,null],[8,null]],[[0,null],[0,null],[0,null],[8,null]],[["LIGHTMODE","FORWARDBASE"],["RENDERTYPE","Opaque"],["SHADOWSUPPORT","true"]],["DIRECTIONAL","SHADOWS_SCREEN","LIGHTMAP_ON","DIRLIGHTMAP_COMBINED","DYNAMICLIGHTMAP_ON","LIGHTMAP_SHADOW_MIXING","SHADOWS_SHADOWMASK","LIGHTPROBE_SH","FOG_LINEAR","FOG_EXP","FOG_EXP2","VERTEXLIGHT_ON","INSTANCING_ON"],[[["DIRECTIONAL"],25,26,0],[["DIRECTIONAL","LIGHTPROBE_SH"],27,28,0],[["DIRECTIONAL","SHADOWS_SCREEN"],29,30,0],[["DIRECTIONAL","LIGHTPROBE_SH","SHADOWS_SCREEN"],31,32,0],[["DIRECTIONAL","VERTEXLIGHT_ON"],25,26,0],[["DIRECTIONAL","LIGHTPROBE_SH","VERTEXLIGHT_ON"],33,28,0],[["DIRECTIONAL","SHADOWS_SCREEN","VERTEXLIGHT_ON"],29,30,0],[["DIRECTIONAL","LIGHTPROBE_SH","SHADOWS_SCREEN","VERTEXLIGHT_ON"],34,32,0]],0]],[["_MainTex",4,0,0,0,0,"white"]],0,"274",0]},{"id":"68","assetBundleId":"-2","data":[[],"Legacy Shaders/VertexLit",["SPOT","POINT","FOG_LINEAR","FOG_EXP","FOG_EXP2","SHADOWS_DEPTH","SHADOWS_CUBE","INSTANCING_ON"],[[1,[4,null],[1,null],[2,null],[[1,null],[0,null],[0,null]],[[1,null],[0,null],[0,null]],[15,null],[0,null],[0,null],[0,null],[255,null],[255,null],[[0,null],[0,null],[0,null],[8,null]],[[0,null],[0,null],[0,null],[8,null]],[[0,null],[0,null],[0,null],[8,null]],[["LIGHTMODE","Vertex"],["RENDERTYPE","Opaque"]],["SPOT","POINT","FOG_LINEAR","FOG_EXP","FOG_EXP2"],[[[],37,38,0],[["POINT"],39,38,0],[["SPOT"],40,38,0]],0],[2,[4,null],[1,null],[2,null],[[1,null],[0,null],[0,null]],[[1,null],[0,null],[0,null]],[15,null],[0,null],[0,null],[0,null],[255,null],[255,null],[[0,null],[0,null],[0,null],[8,null]],[[0,null],[0,null],[0,null],[8,null]],[[0,null],[0,null],[0,null],[8,null]],[["LIGHTMODE","VertexLM"],["RENDERTYPE","Opaque"]],["FOG_LINEAR","FOG_EXP","FOG_EXP2"],[[[],41,42,0]],0],[8,[4,null],[1,null],[2,null],[[1,null],[0,null],[0,null]],[[1,null],[0,null],[0,null]],[15,null],[0,null],[0,null],[0,null],[255,null],[255,null],[[0,null],[0,null],[0,null],[8,null]],[[0,null],[0,null],[0,null],[8,null]],[[0,null],[0,null],[0,null],[8,null]],[["LIGHTMODE","SHADOWCASTER"],["RENDERTYPE","Opaque"],["SHADOWSUPPORT","true"]],["SHADOWS_DEPTH","SHADOWS_CUBE","INSTANCING_ON"],[[["SHADOWS_DEPTH"],14,15,0],[["SHADOWS_CUBE"],16,17,0]],0]],[["_Color",0,1,1,1,1,""],["_SpecColor",0,1,1,1,1,""],["_Emission",0,0,0,0,0,""],["_Shininess",3,0.699999988079071,0.00999999977648258,1,0,""],["_MainTex",4,0,0,0,0,"white"]],null,null,0]},{"id":"28","assetBundleId":"-2","data":[[],"Sprites/Default",["INSTANCING_ON","PIXELSNAP_ON"],[[0,[4,null],[0,null],[0,null],[[1,null],[10,null],[0,null]],[[1,null],[10,null],[0,null]],[15,null],[0,null],[0,null],[0,null],[255,null],[255,null],[[0,null],[0,null],[0,null],[8,null]],[[0,null],[0,null],[0,null],[8,null]],[[0,null],[0,null],[0,null],[8,null]],[["CANUSESPRITEATLAS","true"],["IGNOREPROJECTOR","true"],["PREVIEWTYPE","Plane"],["QUEUE","Transparent"],["RENDERTYPE","Transparent"]],["INSTANCING_ON","PIXELSNAP_ON"],[[[],43,44,0],[["PIXELSNAP_ON"],45,44,0]],0]],[["_MainTex",4,0,0,0,0,"white"],["_Color",0,1,1,1,1,""],["PixelSnap",2,0,0,0,0,""],["_RendererColor",0,1,1,1,1,""],["_Flip",1,1,1,1,1,""],["_AlphaTex",4,0,0,0,0,"white"],["_EnableExternalAlpha",2,0,0,0,0,""]],null,null,0]},{"id":"64","assetBundleId":"-2","data":[[],"Standard",["DIRECTIONAL","SHADOWS_SCREEN","LIGHTMAP_ON","DIRLIGHTMAP_COMBINED","DYNAMICLIGHTMAP_ON","LIGHTMAP_SHADOW_MIXING","SHADOWS_SHADOWMASK","LIGHTPROBE_SH","FOG_LINEAR","FOG_EXP","FOG_EXP2","_EMISSION","VERTEXLIGHT_ON","INSTANCING_ON","_NORMALMAP","_ALPHATEST_ON","_ALPHABLEND_ON","_ALPHAPREMULTIPLY_ON","_METALLICGLOSSMAP","_PARALLAXMAP","_DETAIL_MULX2","_SMOOTHNESS_TEXTURE_ALBEDO_CHANNEL_A","_SPECULARHIGHLIGHTS_OFF","_GLOSSYREFLECTIONS_OFF","SPOT","DIRECTIONAL_COOKIE","POINT","POINT_COOKIE","SHADOWS_DEPTH","SHADOWS_CUBE","SHADOWS_SOFT","UNITY_HDR_ON"],[[4,[4,null],[0,"_ZWrite"],[2,null],[[0,"_SrcBlend"],[0,"_DstBlend"],[0,null]],[[0,"_SrcBlend"],[0,"_DstBlend"],[0,null]],[15,null],[0,null],[0,null],[0,null],[255,null],[255,null],[[0,null],[0,null],[0,null],[8,null]],[[0,null],[0,null],[0,null],[8,null]],[[0,null],[0,null],[0,null],[8,null]],[["LIGHTMODE","FORWARDBASE"],["PERFORMANCECHECKS","False"],["RENDERTYPE","Opaque"],["SHADOWSUPPORT","true"]],["DIRECTIONAL","SHADOWS_SCREEN","LIGHTMAP_ON","DIRLIGHTMAP_COMBINED","DYNAMICLIGHTMAP_ON","LIGHTMAP_SHADOW_MIXING","SHADOWS_SHADOWMASK","LIGHTPROBE_SH","FOG_LINEAR","FOG_EXP","FOG_EXP2","_EMISSION","VERTEXLIGHT_ON","INSTANCING_ON","_NORMALMAP","_ALPHATEST_ON","_ALPHABLEND_ON","_ALPHAPREMULTIPLY_ON","_METALLICGLOSSMAP","_PARALLAXMAP","_DETAIL_MULX2","_SMOOTHNESS_TEXTURE_ALBEDO_CHANNEL_A","_SPECULARHIGHLIGHTS_OFF","_GLOSSYREFLECTIONS_OFF"],[[["DIRECTIONAL"],46,47,0],[["DIRECTIONAL","LIGHTPROBE_SH","_GLOSSYREFLECTIONS_OFF"],48,49,0],[["DIRECTIONAL","LIGHTPROBE_SH"],48,50,0],[["DIRECTIONAL","SHADOWS_SCREEN","_GLOSSYREFLECTIONS_OFF"],51,52,0],[["DIRECTIONAL","SHADOWS_SCREEN"],51,53,0],[["DIRECTIONAL","LIGHTPROBE_SH","SHADOWS_SCREEN","_GLOSSYREFLECTIONS_OFF"],54,55,0],[["DIRECTIONAL","LIGHTPROBE_SH","SHADOWS_SCREEN"],54,56,0],[["DIRECTIONAL","VERTEXLIGHT_ON","_GLOSSYREFLECTIONS_OFF"],46,57,0],[["DIRECTIONAL","VERTEXLIGHT_ON"],46,47,0],[["DIRECTIONAL","LIGHTPROBE_SH","VERTEXLIGHT_ON","_GLOSSYREFLECTIONS_OFF"],58,49,0],[["DIRECTIONAL","LIGHTPROBE_SH","VERTEXLIGHT_ON"],58,50,0],[["DIRECTIONAL","SHADOWS_SCREEN","VERTEXLIGHT_ON","_GLOSSYREFLECTIONS_OFF"],51,52,0],[["DIRECTIONAL","SHADOWS_SCREEN","VERTEXLIGHT_ON"],51,53,0],[["DIRECTIONAL","LIGHTPROBE_SH","SHADOWS_SCREEN","VERTEXLIGHT_ON","_GLOSSYREFLECTIONS_OFF"],59,55,0],[["DIRECTIONAL","LIGHTPROBE_SH","SHADOWS_SCREEN","VERTEXLIGHT_ON"],59,56,0],[["DIRECTIONAL","_GLOSSYREFLECTIONS_OFF"],46,57,0]],0],[5,[4,null],[0,null],[2,null],[[0,"_SrcBlend"],[1,null],[0,null]],[[0,"_SrcBlend"],[1,null],[0,null]],[15,null],[0,null],[0,null],[0,null],[255,null],[255,null],[[0,null],[0,null],[0,null],[8,null]],[[0,null],[0,null],[0,null],[8,null]],[[0,null],[0,null],[0,null],[8,null]],[["LIGHTMODE","FORWARDADD"],["PERFORMANCECHECKS","False"],["RENDERTYPE","Opaque"],["SHADOWSUPPORT","true"]],["SPOT","DIRECTIONAL","DIRECTIONAL_COOKIE","POINT","POINT_COOKIE","SHADOWS_DEPTH","SHADOWS_SCREEN","SHADOWS_CUBE","SHADOWS_SOFT","LIGHTMAP_SHADOW_MIXING","SHADOWS_SHADOWMASK","FOG_LINEAR","FOG_EXP","FOG_EXP2","_NORMALMAP","_ALPHATEST_ON","_ALPHABLEND_ON","_ALPHAPREMULTIPLY_ON","_METALLICGLOSSMAP","_PARALLAXMAP","_SMOOTHNESS_TEXTURE_ALBEDO_CHANNEL_A","_SPECULARHIGHLIGHTS_OFF","_DETAIL_MULX2"],[[["POINT"],60,61,0],[["DIRECTIONAL"],62,63,0],[["SPOT"],64,65,0],[["POINT_COOKIE"],60,66,0],[["DIRECTIONAL_COOKIE"],67,68,0],[["SHADOWS_DEPTH","SPOT"],64,69,0],[["SHADOWS_DEPTH","SHADOWS_SOFT","SPOT"],64,70,0],[["DIRECTIONAL","SHADOWS_SCREEN"],71,72,0],[["DIRECTIONAL_COOKIE","SHADOWS_SCREEN"],73,74,0],[["POINT","SHADOWS_CUBE"],60,75,0],[["POINT","SHADOWS_CUBE","SHADOWS_SOFT"],60,76,0],[["POINT_COOKIE","SHADOWS_CUBE"],60,77,0],[["POINT_COOKIE","SHADOWS_CUBE","SHADOWS_SOFT"],60,78,0]],0],[8,[4,null],[1,null],[2,null],[[1,null],[0,null],[0,null]],[[1,null],[0,null],[0,null]],[15,null],[0,null],[0,null],[0,null],[255,null],[255,null],[[0,null],[0,null],[0,null],[8,null]],[[0,null],[0,null],[0,null],[8,null]],[[0,null],[0,null],[0,null],[8,null]],[["LIGHTMODE","SHADOWCASTER"],["PERFORMANCECHECKS","False"],["RENDERTYPE","Opaque"],["SHADOWSUPPORT","true"]],["SHADOWS_DEPTH","SHADOWS_CUBE","INSTANCING_ON","_ALPHATEST_ON","_ALPHABLEND_ON","_ALPHAPREMULTIPLY_ON","_METALLICGLOSSMAP","_PARALLAXMAP","_SMOOTHNESS_TEXTURE_ALBEDO_CHANNEL_A"],[[["SHADOWS_DEPTH"],14,15,0],[["SHADOWS_CUBE"],79,80,0]],0]],[["_Color",0,1,1,1,1,""],["_MainTex",4,0,0,0,0,"white"],["_Cutoff",3,0.5,0,1,0,""],["_Glossiness",3,0.5,0,1,0,""],["_GlossMapScale",3,1,0,1,0,""],["_SmoothnessTextureChannel",2,0,0,0,0,""],["_Metallic",3,0,0,1,0,""],["_MetallicGlossMap",4,0,0,0,0,"white"],["_SpecularHighlights",2,1,0,0,0,""],["_GlossyReflections",2,1,0,0,0,""],["_BumpScale",2,1,0,0,0,""],["_BumpMap",4,0,0,0,0,"bump"],["_Parallax",3,0.0199999995529652,0.00499999988824129,0.0799999982118607,0,""],["_ParallaxMap",4,0,0,0,0,"black"],["_OcclusionStrength",3,1,0,1,0,""],["_OcclusionMap",4,0,0,0,0,"white"],["_EmissionColor",0,0,0,0,1,""],["_EmissionMap",4,0,0,0,0,"white"],["_DetailMask",4,0,0,0,0,"white"],["_DetailAlbedoMap",4,0,0,0,0,"grey"],["_DetailNormalMapScale",2,1,0,0,0,""],["_DetailNormalMap",4,0,0,0,0,"bump"],["_UVSec",2,0,0,0,0,""],["_Mode",2,0,0,0,0,""],["_SrcBlend",2,1,0,0,0,""],["_DstBlend",2,0,0,0,0,""],["_ZWrite",2,1,0,0,0,""]],0,"68",0]}],"sprites":[{"id":"674","assetBundleId":"-2","data":["Background",19,"672",[0,0,0,0.08,0.08,0],[0.05,0.08,0,0.8125,1,0.08,-0.08,0,1,0,0.08,0.075,0,1,0.96875,-0.07,0.08,0,0.0625,1,-0.075,-0.08,0,0.03124997,0,-0.08,0.07,0,0,0.9375,-0.08,-0.05,0,0,0.1875],[6,5,4,3,4,5,1,4,3,0,1,3,2,1,0],-0.000835968181490898,-0.00160364620387554,0.999164044857025,0.998396337032318,0,0,1,1,0.3125,0.3125,0.3125,0.3125,[0,0,0,0],[-0.08,-0.08,0.08,0.08],200,32,32,32,32,16,16,0.0267509818077087,0.0513166785240173]}],"textures":[{"id":"672","type":0,"assetBundleId":"-2","data":["Background",32,32,6,16,1,0,4,1,1,1]}],"resources":[{"id":"resources","assetBundleId":"-2","data":[[["unity_builtin_extra",0,"30"],["unity_builtin_extra",0,"64"],["unity_builtin_extra",12,"650"],["unity_builtin_extra",0,"28"],["unity_builtin_extra",12,"420"],["unity_builtin_extra",0,"276"],["unity_builtin_extra",19,"672"],["unity_builtin_extra",16,"674"],["models/chore_5",21,"15962"],["models/chore_8",21,"15974"],["models/chore_10",21,"15986"],["models/chore_11",21,"15998"],["models/chore_12",21,"16010"],["models/chore_15",21,"16022"],["models/chore_16",21,"16034"],["models/chore_18",21,"16046"],["models/toy_32",21,"16058"],["models/toy_33",21,"16070"],["lv1",23,"15828"],["unity_builtin_extra",0,"150"],["unity_builtin_extra",12,"652"]],[]]}],"project-settings":[{"id":"-1","assetBundleId":"-2","data":[[["EventSystem",-1000],["TextMeshProUGUI",-100],["ToggleGroup",10],["TextContainer",-110],["TextMeshPro",-105]],[[0,"Default",0]],[[0,"Default"],[1,"TransparentFX"],[2,"Ignore Raycast"],[4,"Water"],[5,"UI"],[6,"SelectObject"],[7,"Edge"],[8,"ThrowObject"]],[0.0199999995529652,0.333333343267441,1,0.0299999993294477],[0,-9.8100004196167,0,6,2,0,1,[[0,0,0],[0,0,1],[0,0,2],[0,0,4],[0,0,5],[0,0,6],[0,0,7],[0,0,8],[0,1,0],[0,1,1],[0,1,2],[0,1,4],[0,1,5],[0,1,6],[0,1,7],[0,1,8],[0,2,0],[0,2,1],[0,2,2],[0,2,4],[0,2,5],[0,2,6],[0,2,7],[0,2,8],[0,4,0],[0,4,1],[0,4,2],[0,4,4],[0,4,5],[0,4,6],[0,4,7],[0,4,8],[0,5,0],[0,5,1],[0,5,2],[0,5,4],[0,5,5],[0,5,6],[0,5,7],[0,5,8],[0,6,0],[0,6,1],[0,6,2],[0,6,4],[0,6,5],[0,6,6],[0,6,7],[0,6,8],[0,7,0],[0,7,1],[0,7,2],[0,7,4],[0,7,5],[0,7,6],[0,7,7],[0,7,8],[0,8,0],[0,8,1],[0,8,2],[0,8,4],[0,8,5],[0,8,6],[0,8,7],[0,8,8]]],[null,null,0,-9.8100004196167,3,8,1,0.200000002980232,8,0,0,0.5,0.00999999977648258,2,0.00999999977648258,1,1,1,1,1,0,[[0,0,0],[0,0,1],[0,0,2],[0,0,4],[0,0,5],[0,0,6],[0,0,7],[0,0,8],[0,1,0],[0,1,1],[0,1,2],[0,1,4],[0,1,5],[0,1,6],[0,1,7],[0,1,8],[0,2,0],[0,2,1],[0,2,2],[0,2,4],[0,2,5],[0,2,6],[0,2,7],[0,2,8],[0,4,0],[0,4,1],[0,4,2],[0,4,4],[0,4,5],[0,4,6],[0,4,7],[0,4,8],[0,5,0],[0,5,1],[0,5,2],[0,5,4],[0,5,5],[0,5,6],[0,5,7],[0,5,8],[0,6,0],[0,6,1],[0,6,2],[0,6,4],[0,6,5],[0,6,6],[0,6,7],[0,6,8],[0,7,0],[0,7,1],[0,7,2],[0,7,4],[0,7,5],[0,7,6],[0,7,7],[0,7,8],[0,8,0],[0,8,1],[0,8,2],[0,8,4],[0,8,5],[0,8,6],[0,8,7],[0,8,8]]],[[[[],["Very Low","Low","Medium","High","Very High","Ultra"],0,0,0,0.300000011920929,1,15,0,1,0,0,0,0,0,1,2,4,0,0,0.333333343267441,0.0666666701436043,0.200000002980232,0.466666668653488,0,0,16,2,0,3,512,0,1,2,512,1,1024],[[],["Very Low","Low","Medium","High","Very High","Ultra"],0,0,0,0.400000005960464,1,20,0,1,0,0,0,0,0,0,2,16,0,0,0.333333343267441,0.0666666701436043,0.200000002980232,0.466666668653488,0,0,16,2,0,3,512,0,1,2,512,1,1024],[[],["Very Low","Low","Medium","High","Very High","Ultra"],1,1,0,0.699999988079071,1,20,0,1,0,0,0,0,0,0,2,64,1,0,0.333333343267441,0.0666666701436043,0.200000002980232,0.466666668653488,0,1,16,2,0,3,512,0,1,2,512,1,1024],[[],["Very Low","Low","Medium","High","Very High","Ultra"],2,1,0,1,2,40,1,1,1,0,1,0,0,0,2,256,2,1,0.333333343267441,0.0666666701436043,0.200000002980232,0.466666668653488,0,1,16,2,1,3,512,0,1,2,512,1,1024],[[],["Very Low","Low","Medium","High","Very High","Ultra"],2,2,2,1.5,2,70,1,1,2,1,1,0,0,0,2,1024,3,1,0.333333343267441,0.0666666701436043,0.200000002980232,0.466666668653488,0,1,16,2,1,3,512,0,1,2,512,1,1024],[[],["Very Low","Low","Medium","High","Very High","Ultra"],2,2,2,2,4,150,1,1,2,1,1,0,0,0,2,4096,4,1,0.333333343267441,0.0666666701436043,0.200000002980232,0.466666668653488,0,1,16,2,1,3,512,0,1,2,512,1,1024]],["Very Low","Low","Medium","High","Very High","Ultra"],0,0,0,0.300000011920929,1,15,0,1,0,0,0,0,0,1,2,4,0,0,0.333333343267441,0.0666666701436043,0.200000002980232,0.466666668653488,0,0,16,2,0,3,512,0,1,2,512,1,1024],0,1,0,0,0]}]}